date;age;covid;covid7
2020-03-01;Total;2;
2020-03-02;Total;5;
2020-03-03;Total;9;
2020-03-04;Total;7;
2020-03-05;Total;18;
2020-03-06;Total;13;
2020-03-07;Total;12;66
2020-03-08;Total;7;71
2020-03-09;Total;93;159
2020-03-10;Total;162;312
2020-03-11;Total;207;512
2020-03-12;Total;361;855
2020-03-13;Total;554;1396
2020-03-14;Total;359;1743
2020-03-15;Total;482;2218
2020-03-16;Total;1329;3454
2020-03-17;Total;1138;4430
2020-03-18;Total;1364;5587
2020-03-19;Total;1461;6687
2020-03-20;Total;1631;7764
2020-03-21;Total;1070;8475
2020-03-22;Total;971;8964
2020-03-23;Total;2323;9958
2020-03-24;Total;1936;10756
2020-03-25;Total;1827;11219
2020-03-26;Total;1828;11586
2020-03-27;Total;1637;11592
2020-03-28;Total;1151;11673
2020-03-29;Total;1009;11711
2020-03-30;Total;1959;11347
2020-03-31;Total;1480;10891
2020-04-01;Total;1408;10472
2020-04-02;Total;1350;9994
2020-04-03;Total;1399;9756
2020-04-04;Total;754;9359
2020-04-05;Total;569;8919
2020-04-06;Total;1429;8389
2020-04-07;Total;1188;8097
2020-04-08;Total;1287;7976
2020-04-09;Total;1342;7968
2020-04-10;Total;1099;7668
2020-04-11;Total;804;7718
2020-04-12;Total;527;7676
2020-04-13;Total;761;7008
2020-04-14;Total;1179;6999
2020-04-15;Total;1261;6973
2020-04-16;Total;1149;6780
2020-04-17;Total;1507;7188
2020-04-18;Total;669;7053
2020-04-19;Total;414;6940
2020-04-20;Total;849;7028
2020-04-21;Total;885;6734
2020-04-22;Total;877;6350
2020-04-23;Total;667;5868
2020-04-24;Total;649;5010
2020-04-25;Total;317;4658
2020-04-26;Total;244;4488
2020-04-27;Total;345;3984
2020-04-28;Total;446;3545
2020-04-29;Total;461;3129
2020-04-30;Total;321;2783
2020-05-01;Total;213;2347
2020-05-02;Total;160;2190
2020-05-03;Total;77;2023
2020-05-04;Total;234;1912
2020-05-05;Total;228;1694
2020-05-06;Total;241;1474
2020-05-07;Total;160;1313
2020-05-08;Total;205;1305
2020-05-09;Total;149;1294
2020-05-10;Total;87;1304
2020-05-11;Total;213;1283
2020-05-12;Total;219;1274
2020-05-13;Total;196;1229
2020-05-14;Total;200;1269
2020-05-15;Total;211;1275
2020-05-16;Total;117;1243
2020-05-17;Total;55;1211
2020-05-18;Total;223;1221
2020-05-19;Total;247;1249
2020-05-20;Total;215;1268
2020-05-21;Total;272;1340
2020-05-22;Total;265;1394
2020-05-23;Total;102;1379
2020-05-24;Total;131;1455
2020-05-25;Total;228;1460
2020-05-26;Total;189;1402
2020-05-27;Total;164;1351
2020-05-28;Total;173;1252
2020-05-29;Total;197;1184
2020-05-30;Total;109;1191
2020-05-31;Total;47;1107
2020-06-01;Total;79;958
2020-06-02;Total;118;887
2020-06-03;Total;123;846
2020-06-04;Total;143;816
2020-06-05;Total;180;799
2020-06-06;Total;57;747
2020-06-07;Total;45;745
2020-06-08;Total;114;780
2020-06-09;Total;94;756
2020-06-10;Total;121;754
2020-06-11;Total;72;683
2020-06-12;Total;112;615
2020-06-13;Total;33;591
2020-06-14;Total;24;570
2020-06-15;Total;91;547
2020-06-16;Total;88;541
2020-10-02;Total;1806;8834
2020-10-03;Total;691;8965
2020-10-04;Total;591;9133
2020-10-05;Total;2150;9711
2020-10-06;Total;2069;10305
2020-10-07;Total;2193;11058
2020-10-08;Total;2514;12014
2020-10-09;Total;2901;13109
2020-10-10;Total;1212;13630
2020-10-11;Total;1156;14195
2020-10-12;Total;1328;13373
2020-10-13;Total;3698;15002
2020-10-14;Total;3767;16576
2020-10-15;Total;3694;17756
2020-10-16;Total;4107;18962
2020-10-17;Total;1897;19647
2020-10-18;Total;1668;20159
2020-10-19;Total;5607;24438
2020-10-20;Total;5728;26468
2020-10-21;Total;5991;28692
2020-10-22;Total;5860;30858
2020-10-23;Total;5703;32454
2020-10-24;Total;2529;33086
2020-10-25;Total;1982;33400
2020-10-26;Total;6451;34244
2020-10-27;Total;5804;34320
2020-10-28;Total;5380;33709
2020-10-29;Total;4631;32480
2020-10-30;Total;4936;31713
2020-10-31;Total;2367;31551
2020-11-01;Total;1610;31179
2020-11-02;Total;5849;30577
2020-11-03;Total;5062;29835
2020-11-04;Total;4211;28666
2020-11-05;Total;3954;27989
2020-11-06;Total;3695;26748
2020-11-07;Total;1633;26014
2020-11-08;Total;926;25330
2020-11-09;Total;3951;23432
2020-11-10;Total;3365;21735
2020-11-11;Total;2797;20321
2020-11-12;Total;2529;18896
2020-11-13;Total;2388;17589
2020-11-14;Total;1028;16984
2020-11-15;Total;618;16676
2020-11-16;Total;2703;15428
2020-11-17;Total;2355;14418
2020-11-18;Total;1941;13562
2020-11-19;Total;1634;12667
2020-11-20;Total;1577;11856
2020-11-21;Total;649;11477
2020-11-22;Total;441;11300
2020-11-23;Total;1769;10366
2020-06-17;Total;70;490
2020-06-18;Total;105;523
2020-06-19;Total;88;499
2020-06-20;Total;42;508
2020-06-21;Total;40;524
2020-06-22;Total;97;530
2020-06-23;Total;122;564
2020-06-24;Total;47;541
2020-06-25;Total;146;582
2020-06-26;Total;182;676
2020-06-27;Total;61;695
2020-06-28;Total;62;717
2020-06-29;Total;184;804
2020-06-30;Total;176;858
2020-07-01;Total;249;1060
2020-07-02;Total;227;1141
2020-07-03;Total;266;1225
2020-07-04;Total;139;1303
2020-07-05;Total;121;1362
2020-07-06;Total;352;1530
2020-07-07;Total;428;1782
2020-07-08;Total;500;2033
2020-07-09;Total;525;2331
2020-07-10;Total;589;2654
2020-07-11;Total;285;2800
2020-07-12;Total;234;2913
2020-07-13;Total;774;3335
2020-07-14;Total;765;3672
2020-07-15;Total;925;4097
2020-07-16;Total;1007;4579
2020-07-17;Total;1002;4992
2020-07-18;Total;597;5304
2020-07-19;Total;375;5445
2020-07-20;Total;1242;5913
2020-07-21;Total;1187;6335
2020-07-22;Total;1127;6537
2020-07-23;Total;1164;6694
2020-07-24;Total;1108;6800
2020-07-25;Total;482;6685
2020-07-26;Total;357;6667
2020-07-27;Total;1246;6671
2020-07-28;Total;1196;6680
2020-07-29;Total;1161;6714
2020-07-30;Total;1109;6659
2020-07-31;Total;1154;6705
2020-08-01;Total;465;6688
2020-08-02;Total;336;6667
2020-08-03;Total;1138;6559
2020-08-04;Total;1068;6431
2020-08-05;Total;1033;6303
2020-08-06;Total;1030;6224
2020-08-07;Total;1159;6229
2020-08-08;Total;520;6284
2020-08-09;Total;379;6327
2020-08-10;Total;1194;6383
2020-08-11;Total;1105;6420
2020-08-12;Total;1080;6467
2020-08-13;Total;1143;6580
2020-08-14;Total;1179;6600
2020-08-15;Total;507;6587
2020-08-16;Total;440;6648
2020-08-17;Total;1247;6701
2020-08-18;Total;1225;6821
2020-08-19;Total;1290;7031
2020-08-20;Total;1288;7176
2020-08-21;Total;1384;7381
2020-08-22;Total;574;7448
2020-08-23;Total;466;7474
2020-08-24;Total;1496;7723
2020-08-25;Total;1327;7825
2020-08-26;Total;1418;7953
2020-08-27;Total;1281;7946
2020-08-28;Total;1292;7854
2020-08-29;Total;563;7843
2020-08-30;Total;503;7880
2020-08-31;Total;1318;7702
2020-09-01;Total;1168;7543
2020-09-02;Total;1177;7302
2020-09-03;Total;1236;7257
2020-09-04;Total;1330;7295
2020-09-05;Total;547;7279
2020-09-06;Total;389;7165
2020-09-07;Total;1314;7161
2020-09-08;Total;1155;7148
2020-09-09;Total;1160;7131
2020-09-10;Total;1289;7184
2020-09-11;Total;531;6385
2020-09-12;Total;661;6499
2020-09-13;Total;472;6582
2020-09-14;Total;1400;6668
2020-09-15;Total;1388;6901
2020-09-16;Total;1377;7118
2020-09-17;Total;1304;7133
2020-09-18;Total;1349;7951
2020-09-19;Total;537;7827
2020-09-20;Total;497;7852
2020-09-21;Total;1522;7974
2020-09-22;Total;1222;7808
2020-09-23;Total;1262;7693
2020-09-24;Total;922;7311
2020-09-25;Total;1238;7200
2020-09-26;Total;560;7223
2020-09-27;Total;423;7149
2020-09-28;Total;1572;7199
2020-09-29;Total;1475;7452
2020-09-30;Total;1440;7630
2020-10-01;Total;1558;8266
2020-11-24;Total;1612;9623
2020-11-25;Total;1437;9119
2020-11-26;Total;1424;8909
2020-11-27;Total;1458;8790
2020-11-28;Total;650;8791
2020-11-29;Total;442;8792
2020-11-30;Total;1649;8672
2020-12-01;Total;1481;8541
2020-12-02;Total;1343;8447
2020-12-03;Total;1256;8279
2020-12-04;Total;1166;7987
2020-03-01;Younger than 15;0;
2020-03-02;Younger than 15;0;
2020-03-03;Younger than 15;0;
2020-03-04;Younger than 15;0;
2020-03-05;Younger than 15;0;
2020-03-06;Younger than 15;0;
2020-03-07;Younger than 15;0;0
2020-03-08;Younger than 15;0;0
2020-03-09;Younger than 15;0;0
2020-03-10;Younger than 15;1;1
2020-03-11;Younger than 15;1;2
2020-03-12;Younger than 15;1;3
2020-03-13;Younger than 15;1;4
2020-03-14;Younger than 15;1;5
2020-03-15;Younger than 15;2;7
2020-03-16;Younger than 15;6;13
2020-03-17;Younger than 15;2;14
2020-03-18;Younger than 15;3;16
2020-03-19;Younger than 15;2;17
2020-03-20;Younger than 15;6;22
2020-03-21;Younger than 15;6;27
2020-03-22;Younger than 15;3;28
2020-03-23;Younger than 15;1;23
2020-03-24;Younger than 15;5;26
2020-03-25;Younger than 15;3;26
2020-03-26;Younger than 15;2;26
2020-03-27;Younger than 15;4;24
2020-03-28;Younger than 15;1;19
2020-03-29;Younger than 15;0;16
2020-03-30;Younger than 15;2;17
2020-03-31;Younger than 15;5;17
2020-04-01;Younger than 15;0;14
2020-04-02;Younger than 15;2;14
2020-04-03;Younger than 15;2;12
2020-04-04;Younger than 15;1;12
2020-04-05;Younger than 15;1;13
2020-04-06;Younger than 15;2;13
2020-04-07;Younger than 15;1;9
2020-04-08;Younger than 15;1;10
2020-04-09;Younger than 15;0;8
2020-04-10;Younger than 15;1;7
2020-04-11;Younger than 15;0;6
2020-04-12;Younger than 15;1;6
2020-04-13;Younger than 15;1;5
2020-04-14;Younger than 15;4;8
2020-04-15;Younger than 15;0;7
2020-04-16;Younger than 15;3;10
2020-04-17;Younger than 15;5;14
2020-04-18;Younger than 15;0;14
2020-04-19;Younger than 15;2;15
2020-04-20;Younger than 15;4;18
2020-04-21;Younger than 15;5;19
2020-04-22;Younger than 15;1;20
2020-04-23;Younger than 15;2;19
2020-04-24;Younger than 15;5;19
2020-04-25;Younger than 15;1;20
2020-04-26;Younger than 15;0;18
2020-04-27;Younger than 15;2;16
2020-04-28;Younger than 15;3;14
2020-04-29;Younger than 15;5;18
2020-04-30;Younger than 15;5;21
2020-05-01;Younger than 15;0;16
2020-05-02;Younger than 15;1;16
2020-05-03;Younger than 15;0;16
2020-05-04;Younger than 15;3;17
2020-05-05;Younger than 15;3;17
2020-05-06;Younger than 15;1;13
2020-05-07;Younger than 15;6;14
2020-05-08;Younger than 15;5;19
2020-05-09;Younger than 15;1;19
2020-05-10;Younger than 15;0;19
2020-05-11;Younger than 15;12;28
2020-05-12;Younger than 15;3;28
2020-05-13;Younger than 15;14;41
2020-05-14;Younger than 15;4;39
2020-05-15;Younger than 15;6;40
2020-05-16;Younger than 15;3;42
2020-05-17;Younger than 15;1;43
2020-05-18;Younger than 15;13;44
2020-05-19;Younger than 15;8;49
2020-05-20;Younger than 15;8;43
2020-05-21;Younger than 15;8;47
2020-05-22;Younger than 15;10;51
2020-05-23;Younger than 15;4;52
2020-05-24;Younger than 15;2;53
2020-05-25;Younger than 15;8;48
2020-05-26;Younger than 15;2;42
2020-05-27;Younger than 15;8;42
2020-05-28;Younger than 15;11;45
2020-05-29;Younger than 15;13;48
2020-05-30;Younger than 15;2;46
2020-05-31;Younger than 15;2;46
2020-06-01;Younger than 15;5;43
2020-06-02;Younger than 15;6;47
2020-06-03;Younger than 15;7;46
2020-06-04;Younger than 15;4;39
2020-06-05;Younger than 15;5;31
2020-06-06;Younger than 15;1;30
2020-06-07;Younger than 15;0;28
2020-06-08;Younger than 15;9;32
2020-06-09;Younger than 15;1;27
2020-06-10;Younger than 15;4;24
2020-06-11;Younger than 15;3;23
2020-06-12;Younger than 15;3;21
2020-06-13;Younger than 15;1;21
2020-06-14;Younger than 15;0;21
2020-06-15;Younger than 15;4;16
2020-06-16;Younger than 15;3;18
2020-10-02;Younger than 15;266;1385
2020-10-03;Younger than 15;86;1378
2020-10-04;Younger than 15;54;1377
2020-10-05;Younger than 15;257;1397
2020-10-06;Younger than 15;301;1455
2020-10-07;Younger than 15;290;1538
2020-10-08;Younger than 15;338;1592
2020-10-09;Younger than 15;402;1728
2020-10-10;Younger than 15;134;1776
2020-10-11;Younger than 15;108;1830
2020-10-12;Younger than 15;120;1693
2020-10-13;Younger than 15;414;1806
2020-10-14;Younger than 15;496;2012
2020-10-15;Younger than 15;485;2159
2020-10-16;Younger than 15;579;2336
2020-10-17;Younger than 15;164;2366
2020-10-18;Younger than 15;174;2432
2020-10-19;Younger than 15;678;2990
2020-10-20;Younger than 15;880;3456
2020-10-21;Younger than 15;847;3807
2020-10-22;Younger than 15;750;4072
2020-10-23;Younger than 15;807;4300
2020-10-24;Younger than 15;303;4439
2020-10-25;Younger than 15;238;4503
2020-10-26;Younger than 15;774;4599
2020-10-27;Younger than 15;898;4617
2020-10-28;Younger than 15;819;4589
2020-10-29;Younger than 15;713;4552
2020-10-30;Younger than 15;797;4542
2020-10-31;Younger than 15;279;4518
2020-11-01;Younger than 15;184;4464
2020-11-02;Younger than 15;726;4416
2020-11-03;Younger than 15;755;4273
2020-11-04;Younger than 15;655;4109
2020-11-05;Younger than 15;600;3996
2020-11-06;Younger than 15;605;3804
2020-11-07;Younger than 15;215;3740
2020-11-08;Younger than 15;99;3655
2020-11-09;Younger than 15;565;3494
2020-11-10;Younger than 15;568;3307
2020-11-11;Younger than 15;441;3093
2020-11-12;Younger than 15;391;2884
2020-11-13;Younger than 15;382;2661
2020-11-14;Younger than 15;143;2589
2020-11-15;Younger than 15;57;2547
2020-11-16;Younger than 15;375;2357
2020-11-17;Younger than 15;336;2125
2020-11-18;Younger than 15;264;1948
2020-11-19;Younger than 15;227;1784
2020-11-20;Younger than 15;218;1620
2020-11-21;Younger than 15;62;1539
2020-11-22;Younger than 15;41;1523
2020-11-23;Younger than 15;210;1358
2020-06-17;Younger than 15;7;21
2020-06-18;Younger than 15;6;24
2020-06-19;Younger than 15;4;25
2020-06-20;Younger than 15;1;25
2020-06-21;Younger than 15;1;26
2020-06-22;Younger than 15;5;27
2020-06-23;Younger than 15;5;29
2020-06-24;Younger than 15;2;24
2020-06-25;Younger than 15;13;31
2020-06-26;Younger than 15;14;41
2020-06-27;Younger than 15;1;41
2020-06-28;Younger than 15;5;45
2020-06-29;Younger than 15;12;52
2020-06-30;Younger than 15;13;60
2020-07-01;Younger than 15;14;72
2020-07-02;Younger than 15;8;67
2020-07-03;Younger than 15;13;66
2020-07-04;Younger than 15;9;74
2020-07-05;Younger than 15;6;75
2020-07-06;Younger than 15;22;85
2020-07-07;Younger than 15;21;93
2020-07-08;Younger than 15;32;111
2020-07-09;Younger than 15;38;141
2020-07-10;Younger than 15;41;169
2020-07-11;Younger than 15;15;175
2020-07-12;Younger than 15;19;188
2020-07-13;Younger than 15;43;209
2020-07-14;Younger than 15;50;238
2020-07-15;Younger than 15;58;264
2020-07-16;Younger than 15;66;292
2020-07-17;Younger than 15;78;329
2020-07-18;Younger than 15;37;351
2020-07-19;Younger than 15;37;369
2020-07-20;Younger than 15;103;429
2020-07-21;Younger than 15;117;496
2020-07-22;Younger than 15;107;545
2020-07-23;Younger than 15;128;607
2020-07-24;Younger than 15;126;655
2020-07-25;Younger than 15;49;667
2020-07-26;Younger than 15;33;663
2020-07-27;Younger than 15;130;690
2020-07-28;Younger than 15;156;729
2020-07-29;Younger than 15;154;776
2020-07-30;Younger than 15;129;777
2020-07-31;Younger than 15;153;804
2020-08-01;Younger than 15;50;805
2020-08-02;Younger than 15;32;804
2020-08-03;Younger than 15;124;798
2020-08-04;Younger than 15;135;777
2020-08-05;Younger than 15;119;742
2020-08-06;Younger than 15;111;724
2020-08-07;Younger than 15;130;701
2020-08-08;Younger than 15;49;700
2020-08-09;Younger than 15;44;712
2020-08-10;Younger than 15;135;723
2020-08-11;Younger than 15;109;697
2020-08-12;Younger than 15;143;721
2020-08-13;Younger than 15;135;745
2020-08-14;Younger than 15;139;754
2020-08-15;Younger than 15;68;773
2020-08-16;Younger than 15;68;797
2020-08-17;Younger than 15;111;773
2020-08-18;Younger than 15;125;789
2020-08-19;Younger than 15;150;796
2020-08-20;Younger than 15;133;794
2020-08-21;Younger than 15;171;826
2020-08-22;Younger than 15;69;827
2020-08-23;Younger than 15;52;811
2020-08-24;Younger than 15;129;829
2020-08-25;Younger than 15;131;835
2020-08-26;Younger than 15;150;835
2020-08-27;Younger than 15;136;838
2020-08-28;Younger than 15;166;833
2020-08-29;Younger than 15;62;826
2020-08-30;Younger than 15;55;829
2020-08-31;Younger than 15;133;833
2020-09-01;Younger than 15;126;828
2020-09-02;Younger than 15;121;799
2020-09-03;Younger than 15;125;788
2020-09-04;Younger than 15;184;806
2020-09-05;Younger than 15;62;806
2020-09-06;Younger than 15;29;780
2020-09-07;Younger than 15;156;803
2020-09-08;Younger than 15;161;838
2020-09-09;Younger than 15;170;887
2020-09-10;Younger than 15;166;928
2020-09-11;Younger than 15;74;818
2020-09-12;Younger than 15;64;820
2020-09-13;Younger than 15;31;822
2020-09-14;Younger than 15;163;829
2020-09-15;Younger than 15;198;866
2020-09-16;Younger than 15;196;892
2020-09-17;Younger than 15;198;924
2020-09-18;Younger than 15;243;1093
2020-09-19;Younger than 15;60;1089
2020-09-20;Younger than 15;54;1112
2020-09-21;Younger than 15;258;1207
2020-09-22;Younger than 15;210;1219
2020-09-23;Younger than 15;228;1251
2020-09-24;Younger than 15;164;1217
2020-09-25;Younger than 15;213;1187
2020-09-26;Younger than 15;93;1220
2020-09-27;Younger than 15;55;1221
2020-09-28;Younger than 15;237;1200
2020-09-29;Younger than 15;243;1233
2020-09-30;Younger than 15;207;1212
2020-10-01;Younger than 15;284;1332
2020-05-31;Between 15 and 64;37;731
2020-06-01;Between 15 and 64;57;644
2020-06-02;Between 15 and 64;75;574
2020-06-03;Between 15 and 64;90;554
2020-06-04;Between 15 and 64;98;545
2020-06-05;Between 15 and 64;141;568
2020-06-06;Between 15 and 64;39;537
2020-06-07;Between 15 and 64;23;523
2020-06-08;Between 15 and 64;73;539
2020-06-09;Between 15 and 64;75;539
2020-06-10;Between 15 and 64;93;542
2020-06-11;Between 15 and 64;56;500
2020-06-12;Between 15 and 64;78;437
2020-06-13;Between 15 and 64;24;422
2020-06-14;Between 15 and 64;18;417
2020-06-15;Between 15 and 64;71;415
2020-06-16;Between 15 and 64;59;399
2020-06-17;Between 15 and 64;49;355
2020-06-18;Between 15 and 64;78;377
2020-06-19;Between 15 and 64;65;364
2020-06-20;Between 15 and 64;37;377
2020-06-21;Between 15 and 64;34;393
2020-06-22;Between 15 and 64;79;401
2020-06-23;Between 15 and 64;88;430
2020-06-24;Between 15 and 64;41;422
2020-06-25;Between 15 and 64;110;454
2020-06-26;Between 15 and 64;138;527
2020-06-27;Between 15 and 64;51;541
2020-06-28;Between 15 and 64;49;556
2020-06-29;Between 15 and 64;146;623
2020-06-30;Between 15 and 64;140;675
2020-07-01;Between 15 and 64;205;839
2020-07-02;Between 15 and 64;184;913
2020-07-03;Between 15 and 64;209;984
2020-07-04;Between 15 and 64;104;1037
2020-07-05;Between 15 and 64;106;1094
2020-07-06;Between 15 and 64;279;1227
2020-07-07;Between 15 and 64;330;1417
2020-07-08;Between 15 and 64;399;1611
2020-07-09;Between 15 and 64;407;1834
2020-07-10;Between 15 and 64;454;2079
2020-07-11;Between 15 and 64;235;2210
2020-07-12;Between 15 and 64;188;2292
2020-07-13;Between 15 and 64;627;2640
2020-07-14;Between 15 and 64;619;2929
2020-07-15;Between 15 and 64;721;3251
2020-07-16;Between 15 and 64;801;3645
2020-07-17;Between 15 and 64;805;3996
2020-07-18;Between 15 and 64;473;4234
2020-07-19;Between 15 and 64;280;4326
2020-07-20;Between 15 and 64;1018;4717
2020-07-21;Between 15 and 64;956;5054
2020-07-22;Between 15 and 64;899;5232
2020-07-23;Between 15 and 64;900;5331
2020-07-24;Between 15 and 64;839;5365
2020-07-25;Between 15 and 64;367;5259
2020-07-26;Between 15 and 64;278;5257
2020-07-27;Between 15 and 64;993;5232
2020-07-28;Between 15 and 64;871;5147
2020-07-29;Between 15 and 64;835;5083
2020-07-30;Between 15 and 64;834;5017
2020-07-31;Between 15 and 64;873;5051
2020-08-01;Between 15 and 64;351;5035
2020-08-02;Between 15 and 64;252;5009
2020-08-03;Between 15 and 64;864;4880
2020-08-04;Between 15 and 64;776;4785
2020-08-05;Between 15 and 64;792;4742
2020-08-06;Between 15 and 64;756;4664
2020-08-07;Between 15 and 64;811;4602
2020-08-08;Between 15 and 64;406;4657
2020-08-09;Between 15 and 64;277;4682
2020-08-10;Between 15 and 64;886;4704
2020-08-11;Between 15 and 64;798;4726
2020-08-12;Between 15 and 64;790;4724
2020-08-13;Between 15 and 64;854;4822
2020-08-14;Between 15 and 64;902;4913
2020-08-15;Between 15 and 64;365;4872
2020-08-16;Between 15 and 64;318;4913
2020-08-17;Between 15 and 64;998;5025
2020-08-18;Between 15 and 64;937;5164
2020-08-19;Between 15 and 64;972;5346
2020-08-20;Between 15 and 64;1009;5501
2020-08-21;Between 15 and 64;1011;5610
2020-08-22;Between 15 and 64;430;5675
2020-08-23;Between 15 and 64;356;5713
2020-08-24;Between 15 and 64;1184;5899
2020-08-25;Between 15 and 64;991;5953
2020-08-26;Between 15 and 64;1084;6065
2020-08-27;Between 15 and 64;979;6035
2020-08-28;Between 15 and 64;955;5979
2020-08-29;Between 15 and 64;426;5975
2020-08-30;Between 15 and 64;365;5984
2020-08-31;Between 15 and 64;1012;5812
2020-09-01;Between 15 and 64;875;5696
2020-09-02;Between 15 and 64;889;5501
2020-09-03;Between 15 and 64;942;5464
2020-09-04;Between 15 and 64;967;5476
2020-09-05;Between 15 and 64;415;5465
2020-09-06;Between 15 and 64;304;5404
2020-09-07;Between 15 and 64;984;5376
2020-09-08;Between 15 and 64;826;5327
2020-09-09;Between 15 and 64;825;5263
2020-09-10;Between 15 and 64;944;5265
2020-09-11;Between 15 and 64;383;4681
2020-09-12;Between 15 and 64;442;4708
2020-09-13;Between 15 and 64;341;4745
2020-09-14;Between 15 and 64;1014;4775
2020-09-15;Between 15 and 64;975;4924
2020-09-16;Between 15 and 64;989;5088
2020-09-17;Between 15 and 64;922;5066
2020-09-18;Between 15 and 64;912;5595
2020-09-19;Between 15 and 64;376;5529
2020-09-20;Between 15 and 64;374;5562
2020-09-21;Between 15 and 64;1046;5594
2020-09-22;Between 15 and 64;839;5458
2020-09-23;Between 15 and 64;877;5346
2020-09-24;Between 15 and 64;639;5063
2020-09-25;Between 15 and 64;861;5012
2020-09-26;Between 15 and 64;388;5024
2020-09-27;Between 15 and 64;318;4968
2020-09-28;Between 15 and 64;1115;5037
2020-09-29;Between 15 and 64;976;5174
2020-09-30;Between 15 and 64;995;5292
2020-10-01;Between 15 and 64;1084;5737
2020-10-02;Between 15 and 64;1217;6093
2020-10-03;Between 15 and 64;490;6195
2020-10-04;Between 15 and 64;457;6334
2020-10-05;Between 15 and 64;1588;6807
2020-10-06;Between 15 and 64;1470;7301
2020-10-07;Between 15 and 64;1603;7909
2020-10-08;Between 15 and 64;1765;8590
2020-10-09;Between 15 and 64;2068;9441
2020-10-10;Between 15 and 64;874;9825
2020-10-11;Between 15 and 64;864;10232
2020-10-12;Between 15 and 64;986;9630
2020-10-13;Between 15 and 64;2773;10933
2020-10-14;Between 15 and 64;2703;12033
2020-10-15;Between 15 and 64;2641;12909
2020-10-16;Between 15 and 64;2927;13768
2020-10-17;Between 15 and 64;1418;14312
2020-10-18;Between 15 and 64;1186;14634
2020-10-19;Between 15 and 64;4050;17698
2020-10-20;Between 15 and 64;3915;18840
2020-10-21;Between 15 and 64;4084;20221
2020-10-22;Between 15 and 64;4043;21623
2020-10-23;Between 15 and 64;3924;22620
2020-10-24;Between 15 and 64;1767;22969
2020-10-25;Between 15 and 64;1387;23170
2020-10-26;Between 15 and 64;4697;23817
2020-10-27;Between 15 and 64;3937;23839
2020-10-28;Between 15 and 64;3584;23339
2020-10-29;Between 15 and 64;3152;22448
2020-10-30;Between 15 and 64;3294;21818
2020-10-31;Between 15 and 64;1630;21681
2020-11-01;Between 15 and 64;1111;21405
2020-11-02;Between 15 and 64;4156;20864
2020-11-03;Between 15 and 64;3364;20291
2020-11-04;Between 15 and 64;2785;19492
2020-11-05;Between 15 and 64;2594;18934
2020-11-06;Between 15 and 64;2444;18084
2020-11-07;Between 15 and 64;1028;17482
2020-11-08;Between 15 and 64;668;17039
2020-11-09;Between 15 and 64;2693;15576
2020-11-10;Between 15 and 64;2073;14285
2020-11-11;Between 15 and 64;1845;13345
2020-11-12;Between 15 and 64;1617;12368
2020-11-13;Between 15 and 64;1504;11428
2020-11-14;Between 15 and 64;670;11070
2020-11-15;Between 15 and 64;422;10824
2020-11-16;Between 15 and 64;1783;9914
2020-11-17;Between 15 and 64;1510;9351
2020-11-18;Between 15 and 64;1231;8737
2020-11-19;Between 15 and 64;1054;8174
2020-11-20;Between 15 and 64;962;7632
2020-11-21;Between 15 and 64;428;7390
2020-11-22;Between 15 and 64;313;7281
2020-11-23;Between 15 and 64;1226;6724
2020-11-24;Between 15 and 64;989;6203
2020-11-25;Between 15 and 64;933;5905
2020-11-26;Between 15 and 64;854;5705
2020-11-27;Between 15 and 64;914;5657
2020-11-28;Between 15 and 64;452;5681
2020-11-29;Between 15 and 64;276;5644
2020-11-30;Between 15 and 64;1133;5551
2020-12-01;Between 15 and 64;948;5510
2020-12-02;Between 15 and 64;854;5431
2020-12-03;Between 15 and 64;781;5358
2020-12-04;Between 15 and 64;720;5164
2020-03-01;Between 15 and 64;1;
2020-03-02;Between 15 and 64;4;
2020-03-03;Between 15 and 64;9;
2020-03-04;Between 15 and 64;3;
2020-03-05;Between 15 and 64;16;
2020-03-06;Between 15 and 64;7;
2020-03-07;Between 15 and 64;10;50
2020-03-08;Between 15 and 64;5;54
2020-03-09;Between 15 and 64;80;130
2020-03-10;Between 15 and 64;131;252
2020-03-11;Between 15 and 64;156;405
2020-03-12;Between 15 and 64;261;650
2020-03-13;Between 15 and 64;400;1043
2020-03-14;Between 15 and 64;233;1266
2020-03-15;Between 15 and 64;284;1545
2020-03-16;Between 15 and 64;976;2441
2020-03-17;Between 15 and 64;692;3002
2020-03-18;Between 15 and 64;786;3632
2020-03-19;Between 15 and 64;796;4167
2020-03-20;Between 15 and 64;913;4680
2020-03-21;Between 15 and 64;553;5000
2020-03-22;Between 15 and 64;519;5235
2020-03-23;Between 15 and 64;1418;5677
2020-03-24;Between 15 and 64;994;5979
2020-03-25;Between 15 and 64;944;6137
2020-03-26;Between 15 and 64;921;6262
2020-03-27;Between 15 and 64;823;6172
2020-03-28;Between 15 and 64;582;6201
2020-03-29;Between 15 and 64;475;6157
2020-03-30;Between 15 and 64;1110;5849
2020-03-31;Between 15 and 64;788;5643
2020-04-01;Between 15 and 64;772;5471
2020-04-02;Between 15 and 64;752;5302
2020-04-03;Between 15 and 64;721;5200
2020-04-04;Between 15 and 64;379;4997
2020-04-05;Between 15 and 64;281;4803
2020-04-06;Between 15 and 64;836;4529
2020-04-07;Between 15 and 64;569;4310
2020-04-08;Between 15 and 64;624;4162
2020-04-09;Between 15 and 64;601;4011
2020-04-10;Between 15 and 64;470;3760
2020-04-11;Between 15 and 64;338;3719
2020-04-12;Between 15 and 64;227;3665
2020-04-13;Between 15 and 64;377;3206
2020-04-14;Between 15 and 64;498;3135
2020-04-15;Between 15 and 64;463;2974
2020-04-16;Between 15 and 64;408;2781
2020-04-17;Between 15 and 64;460;2771
2020-04-18;Between 15 and 64;216;2649
2020-04-19;Between 15 and 64;158;2580
2020-04-20;Between 15 and 64;399;2602
2020-04-21;Between 15 and 64;366;2470
2020-04-22;Between 15 and 64;412;2419
2020-04-23;Between 15 and 64;284;2295
2020-04-24;Between 15 and 64;328;2163
2020-04-25;Between 15 and 64;160;2107
2020-04-26;Between 15 and 64;109;2058
2020-04-27;Between 15 and 64;220;1879
2020-04-28;Between 15 and 64;220;1733
2020-04-29;Between 15 and 64;237;1558
2020-04-30;Between 15 and 64;177;1451
2020-05-01;Between 15 and 64;112;1235
2020-05-02;Between 15 and 64;90;1165
2020-05-03;Between 15 and 64;42;1098
2020-05-04;Between 15 and 64;119;997
2020-05-05;Between 15 and 64;126;903
2020-05-06;Between 15 and 64;128;794
2020-05-07;Between 15 and 64;74;691
2020-05-08;Between 15 and 64;125;704
2020-05-09;Between 15 and 64;78;692
2020-05-10;Between 15 and 64;52;702
2020-05-11;Between 15 and 64;142;725
2020-05-12;Between 15 and 64;129;728
2020-05-13;Between 15 and 64;115;715
2020-05-14;Between 15 and 64;111;752
2020-05-15;Between 15 and 64;131;758
2020-05-16;Between 15 and 64;72;752
2020-05-17;Between 15 and 64;34;734
2020-05-18;Between 15 and 64;151;743
2020-05-19;Between 15 and 64;165;779
2020-05-20;Between 15 and 64;136;800
2020-05-21;Between 15 and 64;186;875
2020-05-22;Between 15 and 64;165;909
2020-05-23;Between 15 and 64;62;899
2020-05-24;Between 15 and 64;91;956
2020-05-25;Between 15 and 64;144;949
2020-05-26;Between 15 and 64;145;929
2020-05-27;Between 15 and 64;110;903
2020-05-28;Between 15 and 64;107;824
2020-05-29;Between 15 and 64;118;777
2020-05-30;Between 15 and 64;70;785
2020-11-24;Younger than 15;210;1232
2020-11-25;Younger than 15;146;1114
2020-11-26;Younger than 15;182;1069
2020-11-27;Younger than 15;199;1050
2020-11-28;Younger than 15;35;1023
2020-11-29;Younger than 15;42;1024
2020-11-30;Younger than 15;196;1010
2020-12-01;Younger than 15;170;970
2020-12-02;Younger than 15;167;991
2020-12-03;Younger than 15;177;986
2020-12-04;Younger than 15;171;958
2020-03-01;Older than 64;0;
2020-03-02;Older than 64;0;
2020-03-03;Older than 64;0;
2020-03-04;Older than 64;4;
2020-03-05;Older than 64;2;
2020-03-06;Older than 64;6;
2020-03-07;Older than 64;2;14
2020-03-08;Older than 64;2;16
2020-03-09;Older than 64;13;29
2020-03-10;Older than 64;30;59
2020-03-11;Older than 64;50;105
2020-03-12;Older than 64;99;202
2020-03-13;Older than 64;151;347
2020-03-14;Older than 64;121;466
2020-03-15;Older than 64;193;657
2020-03-16;Older than 64;345;989
2020-03-17;Older than 64;440;1399
2020-03-18;Older than 64;566;1915
2020-03-19;Older than 64;655;2471
2020-03-20;Older than 64;711;3031
2020-03-21;Older than 64;502;3412
2020-03-22;Older than 64;439;3658
2020-03-23;Older than 64;893;4206
2020-03-24;Older than 64;924;4690
2020-03-25;Older than 64;862;4986
2020-03-26;Older than 64;893;5224
2020-03-27;Older than 64;795;5308
2020-03-28;Older than 64;556;5362
2020-03-29;Older than 64;524;5447
2020-03-30;Older than 64;837;5391
2020-03-31;Older than 64;669;5136
2020-04-01;Older than 64;622;4896
2020-04-02;Older than 64;585;4588
2020-04-03;Older than 64;664;4457
2020-04-04;Older than 64;367;4268
2020-04-05;Older than 64;279;4023
2020-04-06;Older than 64;580;3766
2020-04-07;Older than 64;605;3702
2020-04-08;Older than 64;654;3734
2020-04-09;Older than 64;721;3870
2020-04-10;Older than 64;622;3828
2020-04-11;Older than 64;462;3923
2020-04-12;Older than 64;296;3940
2020-07-30;Older than 64;131;749
2020-07-31;Older than 64;112;746
2020-08-01;Older than 64;60;747
2020-08-02;Older than 64;47;752
2020-08-03;Older than 64;121;767
2020-08-04;Older than 64;135;755
2020-08-05;Older than 64;108;714
2020-08-06;Older than 64;139;722
2020-08-07;Older than 64;195;805
2020-08-08;Older than 64;61;806
2020-08-09;Older than 64;57;816
2020-08-10;Older than 64;152;847
2020-08-11;Older than 64;184;896
2020-08-12;Older than 64;134;922
2020-08-13;Older than 64;134;917
2020-08-14;Older than 64;116;838
2020-08-15;Older than 64;71;848
2020-08-16;Older than 64;52;843
2020-08-17;Older than 64;121;812
2020-08-18;Older than 64;148;776
2020-08-19;Older than 64;151;793
2020-08-20;Older than 64;131;790
2020-08-21;Older than 64;173;847
2020-08-22;Older than 64;65;841
2020-08-23;Older than 64;52;841
2020-08-24;Older than 64;158;878
2020-08-25;Older than 64;174;904
2020-08-26;Older than 64;162;915
2020-08-27;Older than 64;148;932
2020-08-28;Older than 64;147;906
2020-08-29;Older than 64;68;909
2020-08-30;Older than 64;78;935
2020-08-31;Older than 64;155;932
2020-09-01;Older than 64;146;904
2020-09-02;Older than 64;147;889
2020-09-03;Older than 64;158;899
2020-09-04;Older than 64;157;909
2020-09-05;Older than 64;62;903
2020-09-06;Older than 64;51;876
2020-09-07;Older than 64;148;869
2020-09-08;Older than 64;145;868
2020-09-09;Older than 64;141;862
2020-09-10;Older than 64;167;871
2020-09-11;Older than 64;67;781
2020-09-12;Older than 64;144;863
2020-09-13;Older than 64;97;909
2020-09-14;Older than 64;208;969
2020-09-15;Older than 64;203;1027
2020-09-16;Older than 64;174;1060
2020-09-17;Older than 64;171;1064
2020-09-18;Older than 64;177;1174
2020-09-19;Older than 64;94;1124
2020-09-20;Older than 64;68;1095
2020-09-21;Older than 64;197;1084
2020-09-22;Older than 64;157;1038
2020-09-23;Older than 64;143;1007
2020-09-24;Older than 64;108;944
2020-09-25;Older than 64;146;913
2020-09-26;Older than 64;74;893
2020-09-27;Older than 64;44;869
2020-09-28;Older than 64;196;868
2020-09-29;Older than 64;228;939
2020-09-30;Older than 64;201;997
2020-10-01;Older than 64;167;1056
2020-10-02;Older than 64;299;1209
2020-10-03;Older than 64;99;1234
2020-10-04;Older than 64;74;1264
2020-10-05;Older than 64;260;1328
2020-10-06;Older than 64;247;1347
2020-10-07;Older than 64;260;1406
2020-10-08;Older than 64;360;1599
2020-10-09;Older than 64;367;1667
2020-10-10;Older than 64;186;1754
2020-10-11;Older than 64;174;1854
2020-10-12;Older than 64;206;1800
2020-10-13;Older than 64;452;2005
2020-10-14;Older than 64;494;2239
2020-10-15;Older than 64;492;2371
2020-10-16;Older than 64;523;2527
2020-10-17;Older than 64;271;2612
2020-10-18;Older than 64;286;2724
2020-10-19;Older than 64;771;3289
2020-10-20;Older than 64;837;3674
2020-10-21;Older than 64;938;4118
2020-10-22;Older than 64;942;4568
2020-10-23;Older than 64;860;4905
2020-10-24;Older than 64;409;5043
2020-10-25;Older than 64;336;5093
2020-10-26;Older than 64;835;5157
2020-10-27;Older than 64;850;5170
2020-10-28;Older than 64;818;5050
2020-10-29;Older than 64;634;4742
2020-10-30;Older than 64;740;4622
2020-10-31;Older than 64;414;4627
2020-11-01;Older than 64;286;4577
2020-11-02;Older than 64;851;4593
2020-11-03;Older than 64;824;4567
2020-11-04;Older than 64;666;4415
2020-11-05;Older than 64;654;4435
2020-11-06;Older than 64;569;4264
2020-11-07;Older than 64;359;4209
2020-11-08;Older than 64;146;4069
2020-11-09;Older than 64;588;3806
2020-11-10;Older than 64;635;3617
2020-11-11;Older than 64;444;3395
2020-11-12;Older than 64;463;3204
2020-11-13;Older than 64;443;3078
2020-11-14;Older than 64;179;2898
2020-11-15;Older than 64;122;2874
2020-11-16;Older than 64;480;2766
2020-11-17;Older than 64;450;2581
2020-11-18;Older than 64;402;2539
2020-11-19;Older than 64;310;2386
2020-11-20;Older than 64;345;2288
2020-11-21;Older than 64;130;2239
2020-11-22;Older than 64;78;2195
2020-11-23;Older than 64;277;1992
2020-11-24;Older than 64;371;1913
2020-11-25;Older than 64;315;1826
2020-11-26;Older than 64;329;1845
2020-11-27;Older than 64;304;1804
2020-11-28;Older than 64;130;1804
2020-11-29;Older than 64;121;1847
2020-11-30;Older than 64;284;1854
2020-12-01;Older than 64;307;1790
2020-12-02;Older than 64;288;1763
2020-12-03;Older than 64;250;1684
2020-12-04;Older than 64;236;1616
2020-04-13;Older than 64;380;3740
2020-04-14;Older than 64;669;3804
2020-04-15;Older than 64;788;3938
2020-04-16;Older than 64;733;3950
2020-04-17;Older than 64;1033;4361
2020-04-18;Older than 64;448;4347
2020-04-19;Older than 64;253;4304
2020-04-20;Older than 64;442;4366
2020-04-21;Older than 64;507;4204
2020-04-22;Older than 64;453;3869
2020-04-23;Older than 64;378;3514
2020-04-24;Older than 64;304;2785
2020-04-25;Older than 64;152;2489
2020-04-26;Older than 64;132;2368
2020-04-27;Older than 64;112;2038
2020-04-28;Older than 64;212;1743
2020-04-29;Older than 64;211;1501
2020-04-30;Older than 64;132;1255
2020-05-01;Older than 64;98;1049
2020-05-02;Older than 64;68;965
2020-05-03;Older than 64;33;866
2020-05-04;Older than 64;104;858
2020-05-05;Older than 64;98;744
2020-05-06;Older than 64;108;641
2020-05-07;Older than 64;77;586
2020-05-08;Older than 64;72;560
2020-05-09;Older than 64;69;561
2020-05-10;Older than 64;35;563
2020-05-11;Older than 64;55;514
2020-05-12;Older than 64;86;502
2020-05-13;Older than 64;66;460
2020-05-14;Older than 64;82;465
2020-05-15;Older than 64;73;466
2020-05-16;Older than 64;42;439
2020-05-17;Older than 64;20;424
2020-05-18;Older than 64;56;425
2020-05-19;Older than 64;69;408
2020-05-20;Older than 64;71;413
2020-05-21;Older than 64;77;408
2020-05-22;Older than 64;86;421
2020-05-23;Older than 64;36;415
2020-05-24;Older than 64;35;430
2020-05-25;Older than 64;75;449
2020-05-26;Older than 64;41;421
2020-05-27;Older than 64;44;394
2020-05-28;Older than 64;49;366
2020-05-29;Older than 64;62;342
2020-05-30;Older than 64;36;342
2020-05-31;Older than 64;8;315
2020-06-01;Older than 64;15;255
2020-06-02;Older than 64;36;250
2020-06-03;Older than 64;26;232
2020-06-04;Older than 64;40;223
2020-06-05;Older than 64;33;194
2020-06-06;Older than 64;15;173
2020-06-07;Older than 64;21;186
2020-06-08;Older than 64;31;202
2020-06-09;Older than 64;17;183
2020-06-10;Older than 64;22;179
2020-06-11;Older than 64;11;150
2020-06-12;Older than 64;29;146
2020-06-13;Older than 64;8;139
2020-06-14;Older than 64;6;124
2020-06-15;Older than 64;15;108
2020-06-16;Older than 64;24;115
2020-06-17;Older than 64;14;107
2020-06-18;Older than 64;19;115
2020-06-19;Older than 64;16;102
2020-06-20;Older than 64;4;98
2020-06-21;Older than 64;4;96
2020-06-22;Older than 64;12;93
2020-06-23;Older than 64;21;90
2020-06-24;Older than 64;4;80
2020-06-25;Older than 64;20;81
2020-06-26;Older than 64;26;91
2020-06-27;Older than 64;9;96
2020-06-28;Older than 64;7;99
2020-06-29;Older than 64;23;110
2020-06-30;Older than 64;23;112
2020-07-01;Older than 64;23;131
2020-07-02;Older than 64;32;143
2020-07-03;Older than 64;39;156
2020-07-04;Older than 64;22;169
2020-07-05;Older than 64;8;170
2020-07-06;Older than 64;40;187
2020-07-07;Older than 64;73;237
2020-07-08;Older than 64;55;269
2020-07-09;Older than 64;70;307
2020-07-10;Older than 64;82;350
2020-07-11;Older than 64;27;355
2020-07-12;Older than 64;24;371
2020-07-13;Older than 64;92;423
2020-07-14;Older than 64;70;420
2020-07-15;Older than 64;135;500
2020-07-16;Older than 64;105;535
2020-07-17;Older than 64;103;556
2020-07-18;Older than 64;75;604
2020-07-19;Older than 64;52;632
2020-07-20;Older than 64;90;630
2020-07-21;Older than 64;99;659
2020-07-22;Older than 64;101;625
2020-07-23;Older than 64;107;627
2020-07-24;Older than 64;115;639
2020-07-25;Older than 64;59;623
2020-07-26;Older than 64;42;613
2020-07-27;Older than 64;106;629
2020-07-28;Older than 64;147;677
2020-07-29;Older than 64;149;725
